State,Year,Quarter,Register,App_opened
Andaman & Nicobar,2018,Q1 (Jan - Mar),6740,0
Andhra Pradesh,2018,Q1 (Jan - Mar),3336450,0
Arunachal Pradesh,2018,Q1 (Jan - Mar),21495,0
Assam,2018,Q1 (Jan - Mar),385237,0
Bihar,2018,Q1 (Jan - Mar),2133804,0
Chandigarh,2018,Q1 (Jan - Mar),86268,0
Chhattisgarh,2018,Q1 (Jan - Mar),679263,0
Dadra and Nagar Haveli and Daman and Diu,2018,Q1 (Jan - Mar),53258,0
Delhi,2018,Q1 (Jan - Mar),2087022,0
Goa,2018,Q1 (Jan - Mar),91936,0
Gujarat,2018,Q1 (Jan - Mar),2690048,0
Haryana,2018,Q1 (Jan - Mar),1847357,0
Himachal Pradesh,2018,Q1 (Jan - Mar),227373,0
Jammu & Kashmir,2018,Q1 (Jan - Mar),176425,0
Jharkhand,2018,Q1 (Jan - Mar),885762,0
Karnataka,2018,Q1 (Jan - Mar),3717763,0
Kerala,2018,Q1 (Jan - Mar),784184,0
Ladakh,2018,Q1 (Jan - Mar),8784,0
Lakshadweep,2018,Q1 (Jan - Mar),501,0
Madhya Pradesh,2018,Q1 (Jan - Mar),2553603,0
Maharashtra,2018,Q1 (Jan - Mar),6106994,0
Manipur,2018,Q1 (Jan - Mar),29925,0
Meghalaya,2018,Q1 (Jan - Mar),18513,0
Mizoram,2018,Q1 (Jan - Mar),7593,0
Nagaland,2018,Q1 (Jan - Mar),15074,0
Odisha,2018,Q1 (Jan - Mar),1594015,0
Puducherry,2018,Q1 (Jan - Mar),49318,0
Punjab,2018,Q1 (Jan - Mar),847142,0
Rajasthan,2018,Q1 (Jan - Mar),3158202,0
Sikkim,2018,Q1 (Jan - Mar),20051,0
Tamil Nadu,2018,Q1 (Jan - Mar),2104754,0
Telangana,2018,Q1 (Jan - Mar),3315560,0
Tripura,2018,Q1 (Jan - Mar),55157,0
Uttar Pradesh,2018,Q1 (Jan - Mar),4694250,0
Uttarakhand,2018,Q1 (Jan - Mar),483043,0
West Bengal,2018,Q1 (Jan - Mar),2604789,0
Andaman & Nicobar,2018,Q2 (Apr - Jun),9405,0
Andhra Pradesh,2018,Q2 (Apr - Jun),4402540,0
Arunachal Pradesh,2018,Q2 (Apr - Jun),32883,0
Assam,2018,Q2 (Apr - Jun),571046,0
Bihar,2018,Q2 (Apr - Jun),3005872,0
Chandigarh,2018,Q2 (Apr - Jun),115219,0
Chhattisgarh,2018,Q2 (Apr - Jun),950675,0
Dadra and Nagar Haveli and Daman and Diu,2018,Q2 (Apr - Jun),71458,0
Delhi,2018,Q2 (Apr - Jun),2756141,0
Goa,2018,Q2 (Apr - Jun),122174,0
Gujarat,2018,Q2 (Apr - Jun),3565825,0
Haryana,2018,Q2 (Apr - Jun),2447221,0
Himachal Pradesh,2018,Q2 (Apr - Jun),315299,0
Jammu & Kashmir,2018,Q2 (Apr - Jun),261609,0
Jharkhand,2018,Q2 (Apr - Jun),1230599,0
Karnataka,2018,Q2 (Apr - Jun),5030665,0
Kerala,2018,Q2 (Apr - Jun),1066587,0
Ladakh,2018,Q2 (Apr - Jun),12918,0
Lakshadweep,2018,Q2 (Apr - Jun),686,0
Madhya Pradesh,2018,Q2 (Apr - Jun),3441662,0
Maharashtra,2018,Q2 (Apr - Jun),8222371,0
Manipur,2018,Q2 (Apr - Jun),46055,0
Meghalaya,2018,Q2 (Apr - Jun),26618,0
Mizoram,2018,Q2 (Apr - Jun),10422,0
Nagaland,2018,Q2 (Apr - Jun),22436,0
Odisha,2018,Q2 (Apr - Jun),2185781,0
Puducherry,2018,Q2 (Apr - Jun),65580,0
Punjab,2018,Q2 (Apr - Jun),1152190,0
Rajasthan,2018,Q2 (Apr - Jun),4212964,0
Sikkim,2018,Q2 (Apr - Jun),28097,0
Tamil Nadu,2018,Q2 (Apr - Jun),2996036,0
Telangana,2018,Q2 (Apr - Jun),4260115,0
Tripura,2018,Q2 (Apr - Jun),83369,0
Uttar Pradesh,2018,Q2 (Apr - Jun),6442554,0
Uttarakhand,2018,Q2 (Apr - Jun),649142,0
West Bengal,2018,Q2 (Apr - Jun),3833795,0
Andaman & Nicobar,2018,Q3 (Jul - Sep),12149,0
Andhra Pradesh,2018,Q3 (Jul - Sep),5427617,0
Arunachal Pradesh,2018,Q3 (Jul - Sep),45922,0
Assam,2018,Q3 (Jul - Sep),784802,0
Bihar,2018,Q3 (Jul - Sep),3784535,0
Chandigarh,2018,Q3 (Jul - Sep),143893,0
Chhattisgarh,2018,Q3 (Jul - Sep),1217792,0
Dadra and Nagar Haveli and Daman and Diu,2018,Q3 (Jul - Sep),92107,0
Delhi,2018,Q3 (Jul - Sep),3504911,0
Goa,2018,Q3 (Jul - Sep),153802,0
Gujarat,2018,Q3 (Jul - Sep),4433183,0
Haryana,2018,Q3 (Jul - Sep),3020398,0
Himachal Pradesh,2018,Q3 (Jul - Sep),407634,0
Jammu & Kashmir,2018,Q3 (Jul - Sep),342529,0
Jharkhand,2018,Q3 (Jul - Sep),1532362,0
Karnataka,2018,Q3 (Jul - Sep),6372649,0
Kerala,2018,Q3 (Jul - Sep),1347598,0
Ladakh,2018,Q3 (Jul - Sep),17749,0
Lakshadweep,2018,Q3 (Jul - Sep),918,0
Madhya Pradesh,2018,Q3 (Jul - Sep),4309309,0
Maharashtra,2018,Q3 (Jul - Sep),10435033,0
Manipur,2018,Q3 (Jul - Sep),61935,0
Meghalaya,2018,Q3 (Jul - Sep),37281,0
Mizoram,2018,Q3 (Jul - Sep),14502,0
Nagaland,2018,Q3 (Jul - Sep),32090,0
Odisha,2018,Q3 (Jul - Sep),2795718,0
Puducherry,2018,Q3 (Jul - Sep),81546,0
Punjab,2018,Q3 (Jul - Sep),1473148,0
Rajasthan,2018,Q3 (Jul - Sep),5175453,0
Sikkim,2018,Q3 (Jul - Sep),37637,0
Tamil Nadu,2018,Q3 (Jul - Sep),3900177,0
Telangana,2018,Q3 (Jul - Sep),5138501,0
Tripura,2018,Q3 (Jul - Sep),116874,0
Uttar Pradesh,2018,Q3 (Jul - Sep),8096483,0
Uttarakhand,2018,Q3 (Jul - Sep),810612,0
West Bengal,2018,Q3 (Jul - Sep),4851740,0
Andaman & Nicobar,2018,Q4 (Oct - Dec),15222,0
Andhra Pradesh,2018,Q4 (Oct - Dec),6857409,0
Arunachal Pradesh,2018,Q4 (Oct - Dec),61852,0
Assam,2018,Q4 (Oct - Dec),1039221,0
Bihar,2018,Q4 (Oct - Dec),4776665,0
Chandigarh,2018,Q4 (Oct - Dec),177747,0
Chhattisgarh,2018,Q4 (Oct - Dec),1579998,0
Dadra and Nagar Haveli and Daman and Diu,2018,Q4 (Oct - Dec),116511,0
Delhi,2018,Q4 (Oct - Dec),4630313,0
Goa,2018,Q4 (Oct - Dec),195350,0
Gujarat,2018,Q4 (Oct - Dec),5579040,0
Haryana,2018,Q4 (Oct - Dec),3793079,0
Himachal Pradesh,2018,Q4 (Oct - Dec),526343,0
Jammu & Kashmir,2018,Q4 (Oct - Dec),436563,0
Jharkhand,2018,Q4 (Oct - Dec),1913949,0
Karnataka,2018,Q4 (Oct - Dec),8315802,0
Kerala,2018,Q4 (Oct - Dec),1757326,0
Ladakh,2018,Q4 (Oct - Dec),23883,0
Lakshadweep,2018,Q4 (Oct - Dec),1156,0
Madhya Pradesh,2018,Q4 (Oct - Dec),5365442,0
Maharashtra,2018,Q4 (Oct - Dec),13381602,0
Manipur,2018,Q4 (Oct - Dec),82589,0
Meghalaya,2018,Q4 (Oct - Dec),49634,0
Mizoram,2018,Q4 (Oct - Dec),19365,0
Nagaland,2018,Q4 (Oct - Dec),42997,0
Odisha,2018,Q4 (Oct - Dec),3623911,0
Puducherry,2018,Q4 (Oct - Dec),109494,0
Punjab,2018,Q4 (Oct - Dec),1865715,0
Rajasthan,2018,Q4 (Oct - Dec),6358738,0
Sikkim,2018,Q4 (Oct - Dec),48538,0
Tamil Nadu,2018,Q4 (Oct - Dec),5199878,0
Telangana,2018,Q4 (Oct - Dec),6529679,0
Tripura,2018,Q4 (Oct - Dec),153265,0
Uttar Pradesh,2018,Q4 (Oct - Dec),10341964,0
Uttarakhand,2018,Q4 (Oct - Dec),1012103,0
West Bengal,2018,Q4 (Oct - Dec),6279278,0
Andaman & Nicobar,2019,Q1 (Jan - Mar),18596,0
Andhra Pradesh,2019,Q1 (Jan - Mar),8283019,0
Arunachal Pradesh,2019,Q1 (Jan - Mar),76957,0
Assam,2019,Q1 (Jan - Mar),1259085,0
Bihar,2019,Q1 (Jan - Mar),5745117,0
Chandigarh,2019,Q1 (Jan - Mar),209175,0
Chhattisgarh,2019,Q1 (Jan - Mar),1908898,0
Dadra and Nagar Haveli and Daman and Diu,2019,Q1 (Jan - Mar),140532,0
Delhi,2019,Q1 (Jan - Mar),5499263,0
Goa,2019,Q1 (Jan - Mar),238152,0
Gujarat,2019,Q1 (Jan - Mar),6652536,0
Haryana,2019,Q1 (Jan - Mar),4538767,0
Himachal Pradesh,2019,Q1 (Jan - Mar),653205,0
Jammu & Kashmir,2019,Q1 (Jan - Mar),530669,0
Jharkhand,2019,Q1 (Jan - Mar),2279329,0
Karnataka,2019,Q1 (Jan - Mar),10266174,0
Kerala,2019,Q1 (Jan - Mar),2136624,0
Ladakh,2019,Q1 (Jan - Mar),29649,0
Lakshadweep,2019,Q1 (Jan - Mar),1416,0
Madhya Pradesh,2019,Q1 (Jan - Mar),6414403,0
Maharashtra,2019,Q1 (Jan - Mar),16284451,0
Manipur,2019,Q1 (Jan - Mar),99527,0
Meghalaya,2019,Q1 (Jan - Mar),61487,0
Mizoram,2019,Q1 (Jan - Mar),23670,0
Nagaland,2019,Q1 (Jan - Mar),53911,0
Odisha,2019,Q1 (Jan - Mar),4320744,0
Puducherry,2019,Q1 (Jan - Mar),133059,0
Punjab,2019,Q1 (Jan - Mar),2226590,0
Rajasthan,2019,Q1 (Jan - Mar),7712204,0
Sikkim,2019,Q1 (Jan - Mar),58956,0
Tamil Nadu,2019,Q1 (Jan - Mar),6296303,0
Telangana,2019,Q1 (Jan - Mar),7963425,0
Tripura,2019,Q1 (Jan - Mar),183254,0
Uttar Pradesh,2019,Q1 (Jan - Mar),12458661,0
Uttarakhand,2019,Q1 (Jan - Mar),1224955,0
West Bengal,2019,Q1 (Jan - Mar),7449425,0
Andaman & Nicobar,2019,Q2 (Apr - Jun),21731,52640
Andhra Pradesh,2019,Q2 (Apr - Jun),9389003,81375251
Arunachal Pradesh,2019,Q2 (Apr - Jun),95885,502873
Assam,2019,Q2 (Apr - Jun),1500128,7350326
Bihar,2019,Q2 (Apr - Jun),6589759,39607022
Chandigarh,2019,Q2 (Apr - Jun),240439,1220176
Chhattisgarh,2019,Q2 (Apr - Jun),2191066,13206373
Dadra and Nagar Haveli and Daman and Diu,2019,Q2 (Apr - Jun),158580,860686
Delhi,2019,Q2 (Apr - Jun),6165448,43731570
Goa,2019,Q2 (Apr - Jun),278940,1352232
Gujarat,2019,Q2 (Apr - Jun),7574645,34890301
Haryana,2019,Q2 (Apr - Jun),5178030,31929195
Himachal Pradesh,2019,Q2 (Apr - Jun),772603,3321711
Jammu & Kashmir,2019,Q2 (Apr - Jun),631193,2705373
Jharkhand,2019,Q2 (Apr - Jun),2604854,14929066
Karnataka,2019,Q2 (Apr - Jun),11968087,113024811
Kerala,2019,Q2 (Apr - Jun),2550167,8673220
Ladakh,2019,Q2 (Apr - Jun),35516,157317
Lakshadweep,2019,Q2 (Apr - Jun),1747,4580
Madhya Pradesh,2019,Q2 (Apr - Jun),7301172,50642151
Maharashtra,2019,Q2 (Apr - Jun),18776975,109967705
Manipur,2019,Q2 (Apr - Jun),117747,464829
Meghalaya,2019,Q2 (Apr - Jun),74746,395764
Mizoram,2019,Q2 (Apr - Jun),28696,133025
Nagaland,2019,Q2 (Apr - Jun),66891,362497
Odisha,2019,Q2 (Apr - Jun),4845359,33955545
Puducherry,2019,Q2 (Apr - Jun),156458,661932
Punjab,2019,Q2 (Apr - Jun),2600112,10928094
Rajasthan,2019,Q2 (Apr - Jun),8783935,62787336
Sikkim,2019,Q2 (Apr - Jun),70999,398520
Tamil Nadu,2019,Q2 (Apr - Jun),7429609,33658961
Telangana,2019,Q2 (Apr - Jun),9046007,80842302
Tripura,2019,Q2 (Apr - Jun),217644,953627
Uttar Pradesh,2019,Q2 (Apr - Jun),14316349,78394040
Uttarakhand,2019,Q2 (Apr - Jun),1414339,7454279
West Bengal,2019,Q2 (Apr - Jun),8612795,49514201
Andaman & Nicobar,2019,Q3 (Jul - Sep),23931,171107
Andhra Pradesh,2019,Q3 (Jul - Sep),10458693,310953542
Arunachal Pradesh,2019,Q3 (Jul - Sep),112149,1811700
Assam,2019,Q3 (Jul - Sep),1731523,25393673
Bihar,2019,Q3 (Jul - Sep),7380265,126521298
Chandigarh,2019,Q3 (Jul - Sep),267337,4625196
Chhattisgarh,2019,Q3 (Jul - Sep),2435058,46362341
Dadra and Nagar Haveli and Daman and Diu,2019,Q3 (Jul - Sep),176929,3126189
Delhi,2019,Q3 (Jul - Sep),6782286,163381027
Goa,2019,Q3 (Jul - Sep),317194,4753892
Gujarat,2019,Q3 (Jul - Sep),8429299,129441484
Haryana,2019,Q3 (Jul - Sep),5783752,118332587
Himachal Pradesh,2019,Q3 (Jul - Sep),876184,10720741
Jammu & Kashmir,2019,Q3 (Jul - Sep),658455,3843919
Jharkhand,2019,Q3 (Jul - Sep),2915511,55504460
Karnataka,2019,Q3 (Jul - Sep),13635075,445683660
Kerala,2019,Q3 (Jul - Sep),2990963,31471694
Ladakh,2019,Q3 (Jul - Sep),39173,503126
Lakshadweep,2019,Q3 (Jul - Sep),2117,15038
Madhya Pradesh,2019,Q3 (Jul - Sep),8180664,192353380
Maharashtra,2019,Q3 (Jul - Sep),21313081,439998413
Manipur,2019,Q3 (Jul - Sep),136316,1594205
Meghalaya,2019,Q3 (Jul - Sep),87395,1387814
Mizoram,2019,Q3 (Jul - Sep),34134,457834
Nagaland,2019,Q3 (Jul - Sep),80077,1244022
Odisha,2019,Q3 (Jul - Sep),5387209,130181456
Puducherry,2019,Q3 (Jul - Sep),177868,2476922
Punjab,2019,Q3 (Jul - Sep),2962713,40860886
Rajasthan,2019,Q3 (Jul - Sep),9797304,238338999
Sikkim,2019,Q3 (Jul - Sep),82128,1316804
Tamil Nadu,2019,Q3 (Jul - Sep),8428835,124690342
Telangana,2019,Q3 (Jul - Sep),10090557,318124511
Tripura,2019,Q3 (Jul - Sep),245456,3350991
Uttar Pradesh,2019,Q3 (Jul - Sep),16044607,268142606
Uttarakhand,2019,Q3 (Jul - Sep),1585859,24660988
West Bengal,2019,Q3 (Jul - Sep),9643222,176559011
Andaman & Nicobar,2019,Q4 (Oct - Dec),25960,177012
Andhra Pradesh,2019,Q4 (Oct - Dec),11757883,411201518
Arunachal Pradesh,2019,Q4 (Oct - Dec),129321,2140340
Assam,2019,Q4 (Oct - Dec),1941220,26599449
Bihar,2019,Q4 (Oct - Dec),8342274,163998097
Chandigarh,2019,Q4 (Oct - Dec),289590,4960441
Chhattisgarh,2019,Q4 (Oct - Dec),2725900,57278977
Dadra and Nagar Haveli and Daman and Diu,2019,Q4 (Oct - Dec),197598,3770543
Delhi,2019,Q4 (Oct - Dec),7289883,172682671
Goa,2019,Q4 (Oct - Dec),353546,6290543
Gujarat,2019,Q4 (Oct - Dec),9323799,147973757
Haryana,2019,Q4 (Oct - Dec),6366679,136721888
Himachal Pradesh,2019,Q4 (Oct - Dec),985945,12637904
Jammu & Kashmir,2019,Q4 (Oct - Dec),673367,998572
Jharkhand,2019,Q4 (Oct - Dec),3281371,70181789
Karnataka,2019,Q4 (Oct - Dec),15385416,569674870
Kerala,2019,Q4 (Oct - Dec),3503938,40046033
Ladakh,2019,Q4 (Oct - Dec),43108,470440
Lakshadweep,2019,Q4 (Oct - Dec),2427,17760
Madhya Pradesh,2019,Q4 (Oct - Dec),9165241,237844976
Maharashtra,2019,Q4 (Oct - Dec),23745297,543654112
Manipur,2019,Q4 (Oct - Dec),155358,1855488
Meghalaya,2019,Q4 (Oct - Dec),100030,1490542
Mizoram,2019,Q4 (Oct - Dec),39809,529168
Nagaland,2019,Q4 (Oct - Dec),93124,1454551
Odisha,2019,Q4 (Oct - Dec),6115537,189905719
Puducherry,2019,Q4 (Oct - Dec),204292,3263122
Punjab,2019,Q4 (Oct - Dec),3321742,47673880
Rajasthan,2019,Q4 (Oct - Dec),10925031,288904693
Sikkim,2019,Q4 (Oct - Dec),92972,1552004
Tamil Nadu,2019,Q4 (Oct - Dec),9620493,155011717
Telangana,2019,Q4 (Oct - Dec),11220691,399239044
Tripura,2019,Q4 (Oct - Dec),272298,3610807
Uttar Pradesh,2019,Q4 (Oct - Dec),17949542,324068625
Uttarakhand,2019,Q4 (Oct - Dec),1752677,28853867
West Bengal,2019,Q4 (Oct - Dec),10885058,244326613
Andaman & Nicobar,2020,Q1 (Jan - Mar),28368,193586
Andhra Pradesh,2020,Q1 (Jan - Mar),13022060,486513773
Arunachal Pradesh,2020,Q1 (Jan - Mar),149066,2598321
Assam,2020,Q1 (Jan - Mar),2185938,33097892
Bihar,2020,Q1 (Jan - Mar),9351234,183868505
Chandigarh,2020,Q1 (Jan - Mar),312887,5201211
Chhattisgarh,2020,Q1 (Jan - Mar),3016487,64224101
Dadra and Nagar Haveli and Daman and Diu,2020,Q1 (Jan - Mar),218496,4195122
Delhi,2020,Q1 (Jan - Mar),7826197,178263986
Goa,2020,Q1 (Jan - Mar),391900,7147233
Gujarat,2020,Q1 (Jan - Mar),10259843,165605122
Haryana,2020,Q1 (Jan - Mar),7018770,157793468
Himachal Pradesh,2020,Q1 (Jan - Mar),1106025,14640104
Jammu & Kashmir,2020,Q1 (Jan - Mar),735408,4476894
Jharkhand,2020,Q1 (Jan - Mar),3651393,74014713
Karnataka,2020,Q1 (Jan - Mar),17016980,626488036
Kerala,2020,Q1 (Jan - Mar),4078316,46396398
Ladakh,2020,Q1 (Jan - Mar),47790,590484
Lakshadweep,2020,Q1 (Jan - Mar),2772,21982
Madhya Pradesh,2020,Q1 (Jan - Mar),10151371,262452480
Maharashtra,2020,Q1 (Jan - Mar),26168390,615146568
Manipur,2020,Q1 (Jan - Mar),177374,2175642
Meghalaya,2020,Q1 (Jan - Mar),113814,1716211
Mizoram,2020,Q1 (Jan - Mar),46499,644683
Nagaland,2020,Q1 (Jan - Mar),107143,1684520
Odisha,2020,Q1 (Jan - Mar),6652970,175918622
Puducherry,2020,Q1 (Jan - Mar),230908,3820943
Punjab,2020,Q1 (Jan - Mar),3739502,53853710
Rajasthan,2020,Q1 (Jan - Mar),12142053,341815756
Sikkim,2020,Q1 (Jan - Mar),104631,1697163
Tamil Nadu,2020,Q1 (Jan - Mar),10872368,179908753
Telangana,2020,Q1 (Jan - Mar),12306860,454723816
Tripura,2020,Q1 (Jan - Mar),299962,4063223
Uttar Pradesh,2020,Q1 (Jan - Mar),20136256,374282083
Uttarakhand,2020,Q1 (Jan - Mar),1943606,32631265
West Bengal,2020,Q1 (Jan - Mar),11960822,207068218
Andaman & Nicobar,2020,Q2 (Apr - Jun),32710,305072
Andhra Pradesh,2020,Q2 (Apr - Jun),14319675,494341698
Arunachal Pradesh,2020,Q2 (Apr - Jun),177534,3387006
Assam,2020,Q2 (Apr - Jun),2550883,39304924
Bihar,2020,Q2 (Apr - Jun),10603767,218435035
Chandigarh,2020,Q2 (Apr - Jun),336351,3451250
Chhattisgarh,2020,Q2 (Apr - Jun),3401658,68493384
Dadra and Nagar Haveli and Daman and Diu,2020,Q2 (Apr - Jun),244814,4505127
Delhi,2020,Q2 (Apr - Jun),8391139,142852253
Goa,2020,Q2 (Apr - Jun),430639,5310126
Gujarat,2020,Q2 (Apr - Jun),11392657,155264359
Haryana,2020,Q2 (Apr - Jun),7682878,143650123
Himachal Pradesh,2020,Q2 (Apr - Jun),1249867,16125580
Jammu & Kashmir,2020,Q2 (Apr - Jun),845294,9856653
Jharkhand,2020,Q2 (Apr - Jun),4061035,76339276
Karnataka,2020,Q2 (Apr - Jun),18655366,490510075
Kerala,2020,Q2 (Apr - Jun),4728844,45832953
Ladakh,2020,Q2 (Apr - Jun),53034,695673
Lakshadweep,2020,Q2 (Apr - Jun),3187,29202
Madhya Pradesh,2020,Q2 (Apr - Jun),11374423,253770044
Maharashtra,2020,Q2 (Apr - Jun),28765086,506354812
Manipur,2020,Q2 (Apr - Jun),215496,3011491
Meghalaya,2020,Q2 (Apr - Jun),136211,2205253
Mizoram,2020,Q2 (Apr - Jun),55574,739308
Nagaland,2020,Q2 (Apr - Jun),130205,2119279
Odisha,2020,Q2 (Apr - Jun),7258315,154682772
Puducherry,2020,Q2 (Apr - Jun),255600,3057608
Punjab,2020,Q2 (Apr - Jun),4225481,51289576
Rajasthan,2020,Q2 (Apr - Jun),13563201,329941181
Sikkim,2020,Q2 (Apr - Jun),119921,1912335
Tamil Nadu,2020,Q2 (Apr - Jun),12150786,144907447
Telangana,2020,Q2 (Apr - Jun),13378191,367130505
Tripura,2020,Q2 (Apr - Jun),336666,4443221
Uttar Pradesh,2020,Q2 (Apr - Jun),22498519,383703534
Uttarakhand,2020,Q2 (Apr - Jun),2148567,31074793
West Bengal,2020,Q2 (Apr - Jun),13222022,198589332
Andaman & Nicobar,2020,Q3 (Jul - Sep),41335,515565
Andhra Pradesh,2020,Q3 (Jul - Sep),15692405,696300382
Arunachal Pradesh,2020,Q3 (Jul - Sep),206046,4003421
Assam,2020,Q3 (Jul - Sep),2830011,41875278
Bihar,2020,Q3 (Jul - Sep),11763213,266652644
Chandigarh,2020,Q3 (Jul - Sep),362588,4888739
Chhattisgarh,2020,Q3 (Jul - Sep),3799386,86918606
Dadra and Nagar Haveli and Daman and Diu,2020,Q3 (Jul - Sep),267946,4421499
Delhi,2020,Q3 (Jul - Sep),9044174,190025029
Goa,2020,Q3 (Jul - Sep),474962,6129766
Gujarat,2020,Q3 (Jul - Sep),12467847,184402472
Haryana,2020,Q3 (Jul - Sep),8398816,188614769
Himachal Pradesh,2020,Q3 (Jul - Sep),1378634,18411750
Jammu & Kashmir,2020,Q3 (Jul - Sep),949819,11443454
Jharkhand,2020,Q3 (Jul - Sep),4480027,99318784
Karnataka,2020,Q3 (Jul - Sep),20487550,693683212
Kerala,2020,Q3 (Jul - Sep),5582300,64309022
Ladakh,2020,Q3 (Jul - Sep),58401,1015680
Lakshadweep,2020,Q3 (Jul - Sep),3644,32128
Madhya Pradesh,2020,Q3 (Jul - Sep),12564224,324850994
Maharashtra,2020,Q3 (Jul - Sep),31409513,668197101
Manipur,2020,Q3 (Jul - Sep),258563,3552375
Meghalaya,2020,Q3 (Jul - Sep),157741,2384534
Mizoram,2020,Q3 (Jul - Sep),68315,924865
Nagaland,2020,Q3 (Jul - Sep),173106,2868642
Odisha,2020,Q3 (Jul - Sep),7901755,205597666
Puducherry,2020,Q3 (Jul - Sep),285173,4222159
Punjab,2020,Q3 (Jul - Sep),4694233,58946732
Rajasthan,2020,Q3 (Jul - Sep),14969412,436682870
Sikkim,2020,Q3 (Jul - Sep),134773,2156470
Tamil Nadu,2020,Q3 (Jul - Sep),13643451,194683284
Telangana,2020,Q3 (Jul - Sep),14590882,527781925
Tripura,2020,Q3 (Jul - Sep),376731,5777908
Uttar Pradesh,2020,Q3 (Jul - Sep),24838116,450784508
Uttarakhand,2020,Q3 (Jul - Sep),2365438,40377348
West Bengal,2020,Q3 (Jul - Sep),14448366,246554831
Andaman & Nicobar,2020,Q4 (Oct - Dec),52396,887208
Andhra Pradesh,2020,Q4 (Oct - Dec),17076565,869078538
Arunachal Pradesh,2020,Q4 (Oct - Dec),231292,4472667
Assam,2020,Q4 (Oct - Dec),3106153,49321814
Bihar,2020,Q4 (Oct - Dec),12889833,317056600
Chandigarh,2020,Q4 (Oct - Dec),391402,6477974
Chhattisgarh,2020,Q4 (Oct - Dec),4190601,109900467
Dadra and Nagar Haveli and Daman and Diu,2020,Q4 (Oct - Dec),296493,6196436
Delhi,2020,Q4 (Oct - Dec),9747968,243433752
Goa,2020,Q4 (Oct - Dec),527584,10991118
Gujarat,2020,Q4 (Oct - Dec),13605203,230497353
Haryana,2020,Q4 (Oct - Dec),9129873,236101307
Himachal Pradesh,2020,Q4 (Oct - Dec),1508766,22001148
Jammu & Kashmir,2020,Q4 (Oct - Dec),1079022,16018751
Jharkhand,2020,Q4 (Oct - Dec),4917938,126310835
Karnataka,2020,Q4 (Oct - Dec),22400182,935510690
Kerala,2020,Q4 (Oct - Dec),6387169,91415273
Ladakh,2020,Q4 (Oct - Dec),64853,1232757
Lakshadweep,2020,Q4 (Oct - Dec),4179,41144
Madhya Pradesh,2020,Q4 (Oct - Dec),13737947,405571446
Maharashtra,2020,Q4 (Oct - Dec),34432631,952006770
Manipur,2020,Q4 (Oct - Dec),288772,3783432
Meghalaya,2020,Q4 (Oct - Dec),176447,2745917
Mizoram,2020,Q4 (Oct - Dec),78731,1096182
Nagaland,2020,Q4 (Oct - Dec),192188,2922121
Odisha,2020,Q4 (Oct - Dec),8598751,270085293
Puducherry,2020,Q4 (Oct - Dec),319626,6377136
Punjab,2020,Q4 (Oct - Dec),5157868,71191183
Rajasthan,2020,Q4 (Oct - Dec),16329494,511015109
Sikkim,2020,Q4 (Oct - Dec),148543,2478670
Tamil Nadu,2020,Q4 (Oct - Dec),15357586,288233552
Telangana,2020,Q4 (Oct - Dec),15927797,764614235
Tripura,2020,Q4 (Oct - Dec),409110,6017249
Uttar Pradesh,2020,Q4 (Oct - Dec),27249134,552220798
Uttarakhand,2020,Q4 (Oct - Dec),2596244,52564888
West Bengal,2020,Q4 (Oct - Dec),15662093,291721919
Andaman & Nicobar,2021,Q1 (Jan - Mar),57758,1004336
Andhra Pradesh,2021,Q1 (Jan - Mar),18363733,957709447
Arunachal Pradesh,2021,Q1 (Jan - Mar),251240,4796708
Assam,2021,Q1 (Jan - Mar),3358448,56752364
Bihar,2021,Q1 (Jan - Mar),13946288,355792608
Chandigarh,2021,Q1 (Jan - Mar),419998,7919533
Chhattisgarh,2021,Q1 (Jan - Mar),4514551,124648704
Dadra and Nagar Haveli and Daman and Diu,2021,Q1 (Jan - Mar),321396,7302462
Delhi,2021,Q1 (Jan - Mar),10467210,281201600
Goa,2021,Q1 (Jan - Mar),570035,15467672
Gujarat,2021,Q1 (Jan - Mar),14670126,264732874
Haryana,2021,Q1 (Jan - Mar),9827905,266686683
Himachal Pradesh,2021,Q1 (Jan - Mar),1622951,24228094
Jammu & Kashmir,2021,Q1 (Jan - Mar),1174818,18834009
Jharkhand,2021,Q1 (Jan - Mar),5313049,141731331
Karnataka,2021,Q1 (Jan - Mar),24095832,1084917385
Kerala,2021,Q1 (Jan - Mar),6936943,108918733
Ladakh,2021,Q1 (Jan - Mar),69919,1184204
Lakshadweep,2021,Q1 (Jan - Mar),4577,47283
Madhya Pradesh,2021,Q1 (Jan - Mar),14839427,482500276
Maharashtra,2021,Q1 (Jan - Mar),37077537,1101976484
Manipur,2021,Q1 (Jan - Mar),312668,3709227
Meghalaya,2021,Q1 (Jan - Mar),190869,2939026
Mizoram,2021,Q1 (Jan - Mar),85750,1193214
Nagaland,2021,Q1 (Jan - Mar),207808,2980581
Odisha,2021,Q1 (Jan - Mar),9233009,301315474
Puducherry,2021,Q1 (Jan - Mar),346279,7914507
Punjab,2021,Q1 (Jan - Mar),5568777,81052268
Rajasthan,2021,Q1 (Jan - Mar),17661088,632535059
Sikkim,2021,Q1 (Jan - Mar),160213,2795331
Tamil Nadu,2021,Q1 (Jan - Mar),16632608,348801714
Telangana,2021,Q1 (Jan - Mar),17149069,920040042
Tripura,2021,Q1 (Jan - Mar),439636,6009660
Uttar Pradesh,2021,Q1 (Jan - Mar),29482075,639718324
Uttarakhand,2021,Q1 (Jan - Mar),2802122,59282260
West Bengal,2021,Q1 (Jan - Mar),16808799,316832674
Andaman & Nicobar,2021,Q2 (Apr - Jun),62095,2248223
Andhra Pradesh,2021,Q2 (Apr - Jun),19620905,1044705436
Arunachal Pradesh,2021,Q2 (Apr - Jun),270572,13025849
Assam,2021,Q2 (Apr - Jun),3617056,102003890
Bihar,2021,Q2 (Apr - Jun),14972134,371198660
Chandigarh,2021,Q2 (Apr - Jun),448572,4733924
Chhattisgarh,2021,Q2 (Apr - Jun),4837055,205784717
Dadra and Nagar Haveli and Daman and Diu,2021,Q2 (Apr - Jun),344994,5062983
Delhi,2021,Q2 (Apr - Jun),11182699,164997774
Goa,2021,Q2 (Apr - Jun),609106,12710361
Gujarat,2021,Q2 (Apr - Jun),15735981,282432543
Haryana,2021,Q2 (Apr - Jun),10530594,234052506
Himachal Pradesh,2021,Q2 (Apr - Jun),1743151,43269977
Jammu & Kashmir,2021,Q2 (Apr - Jun),1261267,34274559
Jharkhand,2021,Q2 (Apr - Jun),5701503,184234107
Karnataka,2021,Q2 (Apr - Jun),25751023,1051089714
Kerala,2021,Q2 (Apr - Jun),7416083,87814415
Ladakh,2021,Q2 (Apr - Jun),75048,4391632
Lakshadweep,2021,Q2 (Apr - Jun),4896,40301
Madhya Pradesh,2021,Q2 (Apr - Jun),15940935,727741649
Maharashtra,2021,Q2 (Apr - Jun),39664697,1208083592
Manipur,2021,Q2 (Apr - Jun),335409,7269002
Meghalaya,2021,Q2 (Apr - Jun),205686,7290804
Mizoram,2021,Q2 (Apr - Jun),92552,4014597
Nagaland,2021,Q2 (Apr - Jun),223337,6716892
Odisha,2021,Q2 (Apr - Jun),9891029,367576494
Puducherry,2021,Q2 (Apr - Jun),369961,5178916
Punjab,2021,Q2 (Apr - Jun),5976548,85894089
Rajasthan,2021,Q2 (Apr - Jun),18980985,1072091232
Sikkim,2021,Q2 (Apr - Jun),171740,4541121
Tamil Nadu,2021,Q2 (Apr - Jun),17804542,343968474
Telangana,2021,Q2 (Apr - Jun),18306880,905317692
Tripura,2021,Q2 (Apr - Jun),472153,9500881
Uttar Pradesh,2021,Q2 (Apr - Jun),31651894,673598864
Uttarakhand,2021,Q2 (Apr - Jun),3004040,78380036
West Bengal,2021,Q2 (Apr - Jun),17979979,275341466
Andaman & Nicobar,2021,Q3 (Jul - Sep),66982,3121625
Andhra Pradesh,2021,Q3 (Jul - Sep),21059898,1258536879
Arunachal Pradesh,2021,Q3 (Jul - Sep),293073,17209654
Assam,2021,Q3 (Jul - Sep),3918480,135288631
Bihar,2021,Q3 (Jul - Sep),16160771,421801379
Chandigarh,2021,Q3 (Jul - Sep),480463,6378807
Chhattisgarh,2021,Q3 (Jul - Sep),5206084,276486076
Dadra and Nagar Haveli and Daman and Diu,2021,Q3 (Jul - Sep),371874,7162734
Delhi,2021,Q3 (Jul - Sep),11980061,223844376
Goa,2021,Q3 (Jul - Sep),653458,16575111
Gujarat,2021,Q3 (Jul - Sep),16946761,379987151
Haryana,2021,Q3 (Jul - Sep),11325336,296884105
Himachal Pradesh,2021,Q3 (Jul - Sep),1880626,52970288
Jammu & Kashmir,2021,Q3 (Jul - Sep),1359860,45025197
Jharkhand,2021,Q3 (Jul - Sep),6151843,230475998
Karnataka,2021,Q3 (Jul - Sep),27614221,1366781087
Kerala,2021,Q3 (Jul - Sep),7949425,116282717
Ladakh,2021,Q3 (Jul - Sep),81210,7099550
Lakshadweep,2021,Q3 (Jul - Sep),5287,49127
Madhya Pradesh,2021,Q3 (Jul - Sep),17210233,929572924
Maharashtra,2021,Q3 (Jul - Sep),42581217,1565370852
Manipur,2021,Q3 (Jul - Sep),361749,9743772
Meghalaya,2021,Q3 (Jul - Sep),223065,9952956
Mizoram,2021,Q3 (Jul - Sep),100647,5385718
Nagaland,2021,Q3 (Jul - Sep),241797,8661991
Odisha,2021,Q3 (Jul - Sep),10652490,492879704
Puducherry,2021,Q3 (Jul - Sep),396609,6899592
Punjab,2021,Q3 (Jul - Sep),6434862,107614155
Rajasthan,2021,Q3 (Jul - Sep),20499465,1429553825
Sikkim,2021,Q3 (Jul - Sep),184693,5714565
Tamil Nadu,2021,Q3 (Jul - Sep),19127440,459826734
Telangana,2021,Q3 (Jul - Sep),19615278,1107529197
Tripura,2021,Q3 (Jul - Sep),509929,12279146
Uttar Pradesh,2021,Q3 (Jul - Sep),34151882,803890116
Uttarakhand,2021,Q3 (Jul - Sep),3233509,90886530
West Bengal,2021,Q3 (Jul - Sep),19323278,348588666
Andaman & Nicobar,2021,Q4 (Oct - Dec),71780,2112910
Andhra Pradesh,2021,Q4 (Oct - Dec),22489029,1447717601
Arunachal Pradesh,2021,Q4 (Oct - Dec),314944,11230295
Assam,2021,Q4 (Oct - Dec),4209591,130600435
Bihar,2021,Q4 (Oct - Dec),17335981,647400838
Chandigarh,2021,Q4 (Oct - Dec),512092,11603954
Chhattisgarh,2021,Q4 (Oct - Dec),5565481,251752583
Dadra and Nagar Haveli and Daman and Diu,2021,Q4 (Oct - Dec),398963,15009455
Delhi,2021,Q4 (Oct - Dec),12785127,345669353
Goa,2021,Q4 (Oct - Dec),697178,28288254
Gujarat,2021,Q4 (Oct - Dec),18139201,487846209
Haryana,2021,Q4 (Oct - Dec),12116439,442176987
Himachal Pradesh,2021,Q4 (Oct - Dec),2013747,47670982
Jammu & Kashmir,2021,Q4 (Oct - Dec),1456810,36012148
Jharkhand,2021,Q4 (Oct - Dec),6596196,284960009
Karnataka,2021,Q4 (Oct - Dec),29459646,1941558513
Kerala,2021,Q4 (Oct - Dec),8473810,213542857
Ladakh,2021,Q4 (Oct - Dec),87057,2665203
Lakshadweep,2021,Q4 (Oct - Dec),5638,67320
Madhya Pradesh,2021,Q4 (Oct - Dec),18456243,956630781
Maharashtra,2021,Q4 (Oct - Dec),45482506,2031739248
Manipur,2021,Q4 (Oct - Dec),387746,7603294
Meghalaya,2021,Q4 (Oct - Dec),240268,6048594
Mizoram,2021,Q4 (Oct - Dec),108405,2094118
Nagaland,2021,Q4 (Oct - Dec),259990,6383337
Odisha,2021,Q4 (Oct - Dec),11399235,567351446
Puducherry,2021,Q4 (Oct - Dec),423167,14257568
Punjab,2021,Q4 (Oct - Dec),6880103,138427499
Rajasthan,2021,Q4 (Oct - Dec),21977202,1185124031
Sikkim,2021,Q4 (Oct - Dec),197407,5525552
Tamil Nadu,2021,Q4 (Oct - Dec),20433142,685861440
Telangana,2021,Q4 (Oct - Dec),20917649,1407599392
Tripura,2021,Q4 (Oct - Dec),546292,10728702
Uttar Pradesh,2021,Q4 (Oct - Dec),36617655,1175923794
Uttarakhand,2021,Q4 (Oct - Dec),3460015,110928354
West Bengal,2021,Q4 (Oct - Dec),20644527,512335839
Andaman & Nicobar,2022,Q1 (Jan - Mar),76288,3847407
Andhra Pradesh,2022,Q1 (Jan - Mar),23857951,1254785973
Arunachal Pradesh,2022,Q1 (Jan - Mar),335339,41418559
Assam,2022,Q1 (Jan - Mar),4492589,281642453
Bihar,2022,Q1 (Jan - Mar),18484658,316991599
Chandigarh,2022,Q1 (Jan - Mar),541549,2321685
Chhattisgarh,2022,Q1 (Jan - Mar),5916961,448503438
Dadra and Nagar Haveli and Daman and Diu,2022,Q1 (Jan - Mar),424570,3910792
Delhi,2022,Q1 (Jan - Mar),13539197,57524153
Goa,2022,Q1 (Jan - Mar),738628,18678798
Gujarat,2022,Q1 (Jan - Mar),19265314,521776939
Haryana,2022,Q1 (Jan - Mar),12866988,217228467
Himachal Pradesh,2022,Q1 (Jan - Mar),2143483,77278278
Jammu & Kashmir,2022,Q1 (Jan - Mar),1549320,62115857
Jharkhand,2022,Q1 (Jan - Mar),7025275,331355981
Karnataka,2022,Q1 (Jan - Mar),31200349,1727054045
Kerala,2022,Q1 (Jan - Mar),8972299,94047893
Ladakh,2022,Q1 (Jan - Mar),92492,8902080
Lakshadweep,2022,Q1 (Jan - Mar),5990,45410
Madhya Pradesh,2022,Q1 (Jan - Mar),19656147,1678266475
Maharashtra,2022,Q1 (Jan - Mar),48227630,2157769514
Manipur,2022,Q1 (Jan - Mar),411900,22637747
Meghalaya,2022,Q1 (Jan - Mar),255839,23634106
Mizoram,2022,Q1 (Jan - Mar),115295,14886657
Nagaland,2022,Q1 (Jan - Mar),276483,24206053
Odisha,2022,Q1 (Jan - Mar),12124779,613855465
Puducherry,2022,Q1 (Jan - Mar),448051,3938657
Punjab,2022,Q1 (Jan - Mar),7302726,117482807
Rajasthan,2022,Q1 (Jan - Mar),23398857,2570606469
Sikkim,2022,Q1 (Jan - Mar),209616,12440193
Tamil Nadu,2022,Q1 (Jan - Mar),21667020,638490275
Telangana,2022,Q1 (Jan - Mar),22150612,1168864524
Tripura,2022,Q1 (Jan - Mar),582124,19322963
Uttar Pradesh,2022,Q1 (Jan - Mar),38999692,836926025
Uttarakhand,2022,Q1 (Jan - Mar),3674829,115224382
West Bengal,2022,Q1 (Jan - Mar),21919787,236131065
Andaman & Nicobar,2022,Q2 (Apr - Jun),80530,5180013
Andhra Pradesh,2022,Q2 (Apr - Jun),25157264,1378736856
Arunachal Pradesh,2022,Q2 (Apr - Jun),354528,49889518
Assam,2022,Q2 (Apr - Jun),4755787,339929089
Bihar,2022,Q2 (Apr - Jun),19569894,348588438
Chandigarh,2022,Q2 (Apr - Jun),569582,2285979
Chhattisgarh,2022,Q2 (Apr - Jun),6238349,501411120
Dadra and Nagar Haveli and Daman and Diu,2022,Q2 (Apr - Jun),449016,3886292
Delhi,2022,Q2 (Apr - Jun),14260143,52553080
Goa,2022,Q2 (Apr - Jun),777779,19062157
Gujarat,2022,Q2 (Apr - Jun),20321596,609943436
Haryana,2022,Q2 (Apr - Jun),13576065,236091309
Himachal Pradesh,2022,Q2 (Apr - Jun),2264407,102488683
Jammu & Kashmir,2022,Q2 (Apr - Jun),1635570,89986310
Jharkhand,2022,Q2 (Apr - Jun),7426174,379053485
Karnataka,2022,Q2 (Apr - Jun),32831447,2065359837
Kerala,2022,Q2 (Apr - Jun),9442533,98876392
Ladakh,2022,Q2 (Apr - Jun),97517,14768129
Lakshadweep,2022,Q2 (Apr - Jun),6327,38450
Madhya Pradesh,2022,Q2 (Apr - Jun),20766417,1902866132
Maharashtra,2022,Q2 (Apr - Jun),50802786,2492946019
Manipur,2022,Q2 (Apr - Jun),434563,26236900
Meghalaya,2022,Q2 (Apr - Jun),269943,27458992
Mizoram,2022,Q2 (Apr - Jun),121535,16646550
Nagaland,2022,Q2 (Apr - Jun),292104,28652431
Odisha,2022,Q2 (Apr - Jun),12801990,670311093
Puducherry,2022,Q2 (Apr - Jun),471663,3830290
Punjab,2022,Q2 (Apr - Jun),7702100,138965337
Rajasthan,2022,Q2 (Apr - Jun),24716181,2771434947
Sikkim,2022,Q2 (Apr - Jun),220994,16993937
Tamil Nadu,2022,Q2 (Apr - Jun),22829720,740265406
Telangana,2022,Q2 (Apr - Jun),23314363,1276259370
Tripura,2022,Q2 (Apr - Jun),615782,21343111
Uttar Pradesh,2022,Q2 (Apr - Jun),41247289,947480495
Uttarakhand,2022,Q2 (Apr - Jun),3877056,156465685
West Bengal,2022,Q2 (Apr - Jun),23124388,250276369
Andaman & Nicobar,2022,Q3 (Jul - Sep),84642,6068354
Andhra Pradesh,2022,Q3 (Jul - Sep),26496330,1357005703
Arunachal Pradesh,2022,Q3 (Jul - Sep),373372,59722628
Assam,2022,Q3 (Jul - Sep),5016910,410760707
Bihar,2022,Q3 (Jul - Sep),20694376,336807385
Chandigarh,2022,Q3 (Jul - Sep),598698,2173356
Chhattisgarh,2022,Q3 (Jul - Sep),6562237,543206487
Dadra and Nagar Haveli and Daman and Diu,2022,Q3 (Jul - Sep),474807,3837881
Delhi,2022,Q3 (Jul - Sep),15009523,49919498
Goa,2022,Q3 (Jul - Sep),817830,19712764
Gujarat,2022,Q3 (Jul - Sep),21394721,699121904
Haryana,2022,Q3 (Jul - Sep),14303933,265475161
Himachal Pradesh,2022,Q3 (Jul - Sep),2381576,108832538
Jammu & Kashmir,2022,Q3 (Jul - Sep),1719185,109346235
Jharkhand,2022,Q3 (Jul - Sep),7836429,414228860
Karnataka,2022,Q3 (Jul - Sep),34493994,2148016434
Kerala,2022,Q3 (Jul - Sep),9933977,104565833
Ladakh,2022,Q3 (Jul - Sep),102299,19734781
Lakshadweep,2022,Q3 (Jul - Sep),6645,18111
Madhya Pradesh,2022,Q3 (Jul - Sep),21884220,2026371749
Maharashtra,2022,Q3 (Jul - Sep),53432602,2638663712
Manipur,2022,Q3 (Jul - Sep),457063,26011343
Meghalaya,2022,Q3 (Jul - Sep),283487,32596135
Mizoram,2022,Q3 (Jul - Sep),127735,15557163
Nagaland,2022,Q3 (Jul - Sep),307386,31229366
Odisha,2022,Q3 (Jul - Sep),13493282,725475924
Puducherry,2022,Q3 (Jul - Sep),496570,4186911
Punjab,2022,Q3 (Jul - Sep),8097582,154625731
Rajasthan,2022,Q3 (Jul - Sep),26042948,3299787866
Sikkim,2022,Q3 (Jul - Sep),232025,18748536
Tamil Nadu,2022,Q3 (Jul - Sep),24019964,866738343
Telangana,2022,Q3 (Jul - Sep),24506111,1255597644
Tripura,2022,Q3 (Jul - Sep),649143,24123569
Uttar Pradesh,2022,Q3 (Jul - Sep),43537920,1035702397
Uttarakhand,2022,Q3 (Jul - Sep),4081976,152803850
West Bengal,2022,Q3 (Jul - Sep),24372048,256445748
Andaman & Nicobar,2022,Q4 (Oct - Dec),88442,4354093
Andhra Pradesh,2022,Q4 (Oct - Dec),27778016,1673374802
Arunachal Pradesh,2022,Q4 (Oct - Dec),390307,21775038
Assam,2022,Q4 (Oct - Dec),5247776,248781157
Bihar,2022,Q4 (Oct - Dec),21738117,834827202
Chandigarh,2022,Q4 (Oct - Dec),627563,15308862
Chhattisgarh,2022,Q4 (Oct - Dec),6846822,354976814
Dadra and Nagar Haveli and Daman and Diu,2022,Q4 (Oct - Dec),500125,24066770
Delhi,2022,Q4 (Oct - Dec),15764149,401864749
Goa,2022,Q4 (Oct - Dec),855202,43005212
Gujarat,2022,Q4 (Oct - Dec),22412353,790984595
Haryana,2022,Q4 (Oct - Dec),14994944,556898878
Himachal Pradesh,2022,Q4 (Oct - Dec),2483076,72355717
Jammu & Kashmir,2022,Q4 (Oct - Dec),1793434,60205865
Jharkhand,2022,Q4 (Oct - Dec),8217638,396098729
Karnataka,2022,Q4 (Oct - Dec),36081698,3011645011
Kerala,2022,Q4 (Oct - Dec),10382102,346981849
Ladakh,2022,Q4 (Oct - Dec),106337,3832339
Lakshadweep,2022,Q4 (Oct - Dec),6961,72377
Madhya Pradesh,2022,Q4 (Oct - Dec),22913924,1388282818
Maharashtra,2022,Q4 (Oct - Dec),55954028,2982202696
Manipur,2022,Q4 (Oct - Dec),477292,12462732
Meghalaya,2022,Q4 (Oct - Dec),295322,10105924
Mizoram,2022,Q4 (Oct - Dec),132870,3144551
Nagaland,2022,Q4 (Oct - Dec),321205,11171582
Odisha,2022,Q4 (Oct - Dec),14127239,726099254
Puducherry,2022,Q4 (Oct - Dec),520649,24144184
Punjab,2022,Q4 (Oct - Dec),8462753,199899443
Rajasthan,2022,Q4 (Oct - Dec),27255927,1537424924
Sikkim,2022,Q4 (Oct - Dec),241968,8948864
Tamil Nadu,2022,Q4 (Oct - Dec),25136112,1229187623
Telangana,2022,Q4 (Oct - Dec),25656381,1731228513
Tripura,2022,Q4 (Oct - Dec),678741,16107610
Uttar Pradesh,2022,Q4 (Oct - Dec),45648650,1682003791
Uttarakhand,2022,Q4 (Oct - Dec),4272049,160685547
West Bengal,2022,Q4 (Oct - Dec),25536381,678066327
